Date,EURUSD,GBPUSD
2021-06-14,1.2125621438098704,1.411631846414455
2021-06-15,1.21197430614471,1.4072614691809737
2021-06-16,1.2118274357731458,1.4110342881332016
2021-06-17,1.1910433539780847,1.3915947676036737
2021-06-18,1.1872254541137361,1.381788033715628
2021-06-21,1.1909015124449207,1.3915947676036737
2021-06-22,1.1910433539780847,1.3921759710427397
2021-06-23,1.1950286806883366,1.397624039133473
2021-06-24,1.1927480916030533,1.3906271728549577
2021-06-25,1.1940298507462686,1.389854065323141
2021-06-28,1.193744777366599,1.3894678338196471
2021-06-29,1.1904761904761905,1.3844662882458811
2021-06-30,1.1848341232227488,1.3806433798149937
2021-07-01,1.1856770215793218,1.37797988149373
2021-07-02,1.1848341232227488,1.3795006207752794
2021-07-06,1.1816140848398913,1.3791201213625708
2021-07-07,1.1803588290840417,1.3791201213625708
2021-07-08,1.1839924224484963,1.3766519823788546
2021-07-09,1.1860989206499823,1.3842746400885935
2021-07-12,1.1858176212498517,1.3886960144424387
2021-07-13,1.1813349084465445,1.3846579894765993
2021-07-14,1.1825922421948911,1.3854253255749516
2021-07-15,1.1806375442739079,1.3848497438027976
2021-07-16,1.1810558639423645,1.3785497656465397
2021-07-19,1.1803588290840417,1.3689253935660506
2021-07-20,1.1775788977861517,1.3614703880190606
2021-07-21,1.1799410029498525,1.3694878115584772
2021-07-22,1.1771630370806356,1.3749484394335214
2021-07-23,1.1760555098200636,1.3749484394335214
2021-07-26,1.1810558639423645,1.3829345871940257
2021-07-27,1.183151916706105,1.3883104262113009
2021-07-28,1.1809163911195086,1.3883104262113009
2021-07-29,1.188636633781053,1.3966480446927374
2021-07-30,1.1863803535413453,1.391207568169171
2021-08-02,1.1873664212776063,1.3886960144424387
2021-08-03,1.1859582542694498,1.3904338153503895
2021-08-04,1.1841326228537596,1.391207568169171
2021-08-05,1.1838522552385462,1.3929516645772393
2021-08-06,1.1760555098200636,1.3873473917869035
2021-08-09,1.1749500646222537,1.3852334118298935
2021-08-10,1.172195522213105,1.3840830449826989
2021-08-11,1.1737089201877935,1.3865779256794233
2021-08-12,1.1735711770918906,1.3833171946327294
2021-08-13,1.1796626164916835,1.3856172925038104
2021-08-16,1.1775788977861517,1.3848497438027976
2021-08-17,1.1713716762328688,1.3738150844896277
2021-08-18,1.1701380762930025,1.3749484394335214
2021-08-19,1.1693171188026192,1.3672409078479628
2021-08-20,1.1690437222352115,1.362583458236817
2021-08-23,1.1731581417175034,1.3717421124828533
2021-08-24,1.1745360582569884,1.3715539706487452
2021-08-25,1.1757789535567313,1.3723068478111706
2021-08-26,1.1760555098200636,1.3711778417660772
2021-08-27,1.1793843613633683,1.3768415255404105
2021-08-30,1.179523472517103,1.3758943313153549
2021-08-31,1.1799410029498525,1.374759417102007
2021-09-01,1.1849745230477544,1.378929950358522
2021-09-02,1.1858176212498517,1.3825521913452232
2021-09-03,1.1883541295306002,1.386193512614361
2021-09-07,1.1848341232227488,1.3791201213625708
2021-09-08,1.181753722524226,1.3760836658868858
2021-09-09,1.1827321111768183,1.3854253255749516
2021-09-10,1.1820330969267139,1.3846579894765993
2021-09-13,1.1809163911195086,1.3844662882458811
2021-09-14,1.1824524062906467,1.3848497438027976
2021-09-15,1.1810558639423645,1.3837000138370001
2021-09-16,1.1763321962122104,1.3785497656465397
2021-09-17,1.1734334663224595,1.375515818431912
2021-09-20,1.172882946281961,1.365560562610952
2021-09-21,1.1723329425556859,1.3663068725235687
2021-09-22,1.1738466956215519,1.366867140513942
2021-09-23,1.1734334663224595,1.3745704467353952
2021-09-24,1.1715089034676662,1.3681762210972774
2021-09-27,1.1701380762930025,1.3711778417660772
2021-09-28,1.1680878402055834,1.3537295248409367
2021-09-29,1.1611704598235022,1.34390538906061
2021-09-30,1.157675387821255,1.3469827586206897
2021-10-01,1.1598237067965669,1.3572204125950054
2021-10-04,1.1622501162250116,1.3601741022850926
2021-10-05,1.1609008590666356,1.3640703860319192
2021-10-06,1.1546010853250201,1.3568521031207599
2021-10-07,1.1560693641618498,1.3633265167007498
2021-10-08,1.1571395510298543,1.362954886193267
2021-10-12,1.154068090017311,1.3605442176870748
2021-10-13,1.156737998843262,1.364442625187611
2021-10-14,1.159151501101194,1.3683634373289546
2021-10-15,1.1594202898550725,1.375515818431912
2021-10-18,1.1609008590666356,1.3726835964310227
2021-10-19,1.1631964638827497,1.3806433798149937
2021-10-20,1.16427989288625,1.38217000691085
2021-10-21,1.16427989288625,1.3812154696132597
2021-10-22,1.1631964638827497,1.374192661811186
2021-10-25,1.1609008590666356,1.3772207684891888
2021-10-26,1.1590171534538711,1.3772207684891888
2021-10-27,1.1599582415033058,1.3738150844896277
2021-10-28,1.1684973124561813,1.3804527885146327
2021-10-29,1.1551345731777751,1.368550704803613
2021-11-01,1.159151501101194,1.3679890560875514
2021-11-02,1.1580775911986103,1.361285053090117
2021-11-03,1.1583458820803894,1.3659336156262807
2021-11-04,1.1546010853250201,1.3493455673998112
2021-11-05,1.1554015020219526,1.3491635186184565
2021-11-08,1.1590171534538711,1.3563000135630001
2021-11-09,1.158882836945185,1.3550135501355014
2021-11-10,1.1516756881262238,1.3469827586206897
2021-11-12,1.1442956860052638,1.3412017167381973
2021-11-15,1.1420740063956143,1.3444474321054047
2021-11-16,1.1332728921124207,1.3428226131328052
2021-11-17,1.1322463768115942,1.3487995683841383
2021-11-18,1.1358473421172195,1.3489815189531904
2021-11-19,1.1318619128466327,1.3473457289140394
2021-11-22,1.1259993244004054,1.3412017167381973
2021-11-23,1.1265067027148812,1.3388673182487616
2021-11-24,1.1195700850873265,1.3331555792560992
2021-11-26,1.1301989150090415,1.332267519317879
2021-11-29,1.1261261261261262,1.3290802764486975
2021-11-30,1.1286681715575622,1.3252054068380599
2021-12-01,1.1322463768115942,1.3308490817141336
2021-12-02,1.1305822498586773,1.3304949441192122
2021-12-03,1.1308379509216329,1.3234515616728426
2021-12-06,1.128158844765343,1.3252054068380599
2021-12-07,1.1247328759419637,1.3236267372600927
2021-12-08,1.1330160888284613,1.3236267372600927
2021-12-09,1.1285407967498025,1.3187392852433075
2021-12-10,1.1312217194570136,1.3262599469496021
2021-12-13,1.1298158400180771,1.323276432446738
2021-12-14,1.1267605633802817,1.3225763787858749
2021-12-15,1.1261261261261262,1.321353065539112
2021-12-16,1.1308379509216329,1.3324450366422387
2021-12-17,1.1276499774470004,1.326963906581741
2021-12-20,1.1298158400180771,1.322226629644321
2021-12-21,1.127141568981064,1.3253810470510272
2021-12-22,1.1323745895142112,1.3345789403443213
2021-12-23,1.1319900384876613,1.341021858656296
2021-12-27,1.1328877308258751,1.3437248051599033
2021-12-28,1.1313497001923294,1.3431833445265278
2021-12-29,1.1336583153837434,1.3475272874275703
2021-12-30,1.1318619128466327,1.3500742540839745
2022-01-03,1.1290504685559444,1.3469827586206897
2022-01-04,1.1295606009262398,1.3544629554381689
2022-01-05,1.1335298118340513,1.3572204125950054
2022-01-06,1.1307100859339665,1.3539128080151637
2022-01-07,1.1358473421172195,1.358326541700625
2022-01-10,1.1327594019030358,1.35666802333469
2022-01-11,1.1363636363636365,1.3622122326658495
2022-01-12,1.1431184270690444,1.36986301369863
2022-01-13,1.14639458901754,1.3723068478111706
2022-01-14,1.141422212076247,1.367053998632946
2022-01-18,1.1336583153837434,1.3588802826470987
2022-01-19,1.1345586566825505,1.362583458236817
2022-01-20,1.1336583153837434,1.364256480218281
2022-01-21,1.1345586566825505,1.3561160835367507
2022-01-24,1.130965844831486,1.3446282102998521
2022-01-25,1.128286133363421,1.349527665317139
2022-01-26,1.1279043537108053,1.3515339910798756
2022-01-27,1.1140819964349378,1.3385089010841922
2022-01-28,1.1159468809284678,1.341741580571582
2022-01-31,1.121201928467317,1.34390538906061
2022-02-01,1.1238480557428636,1.3504388926401079
2022-02-02,1.1299435028248588,1.3564839934888768
2022-02-03,1.1424654404204273,1.3601741022850926
2022-02-04,1.145475372279496,1.354279523293608
2022-02-07,1.143379830779785,1.3533631073216945
2022-02-08,1.1415525114155252,1.355197181189863
2022-02-09,1.1435105774728416,1.3539128080151637
2022-02-10,1.1487650775416427,1.3635124079629124
2022-02-11,1.1403808872163301,1.3601741022850926
2022-02-14,1.1305822498586773,1.3515339910798756
2022-02-15,1.1363636363636365,1.3539128080151637
2022-02-16,1.1380448389666553,1.3585110718652358
2022-02-17,1.1363636363636365,1.3623978201634879
2022-02-18,1.1327594019030358,1.3585110718652358
2022-02-22,1.1341726210729273,1.3596193065941535
2022-02-23,1.1316057485572026,1.35556459265284
2022-02-24,1.1154489682097044,1.336005344021376
2022-02-25,1.1261261261261262,1.340662287169862
2022-02-28,1.1224604332697272,1.3419216317767042
2022-03-01,1.1102475852115021,1.3317352510320948
2022-03-02,1.1102475852115021,1.3365410318096766
2022-03-03,1.1053387863380126,1.3326226012793179
2022-03-04,1.0912265386294195,1.321353065539112
2022-03-07,1.0860121633362294,1.3114754098360657
2022-03-08,1.088139281828074,1.3101008777675882
2022-03-09,1.1069293779056897,1.3159626266614028
2022-03-10,1.1007154650522841,1.310787783457858
2022-03-11,1.0937329104232747,1.3063357282821686
2022-03-14,1.097935880544576,1.3044612575006522
2022-03-15,1.0974539069359086,1.3065064018813692
2022-03-16,1.0996261271167802,1.3095861707700367
2022-03-17,1.1109876680368849,1.3159626266614028
2022-03-18,1.1043622308117063,1.316829075585989
2022-03-21,1.1048502927853276,1.3201320132013201
2022-03-22,1.1021712774165104,1.3257324671881214
2022-03-23,1.1001100110011002,1.321178491214163
2022-03-24,1.100594320933304,1.3182177695755337
2022-03-25,1.0985389432055366,1.3192612137203166
2022-03-28,1.097694840834248,1.3090718680455558
2022-03-29,1.1103708638685321,1.3125082031762698
2022-03-30,1.1163206072784102,1.314924391847469
2022-03-31,1.1092623405435387,1.315270288044193
2022-04-01,1.1042402826855124,1.3114754098360657
2022-04-04,1.0991426687183996,1.311647429171039
2022-04-05,1.0920607185759528,1.3101008777675882
2022-04-06,1.0913456291607553,1.3082155939298796
2022-04-07,1.090037061260083,1.3059945148230376
2022-04-08,1.087429317094389,1.3032712107389548
2022-04-11,1.0875475802066341,1.3032712107389548
2022-04-12,1.0851871947911014,1.3031013812874641
2022-04-13,1.087429317094389,1.3071895424836601
2022-04-14,1.0795638562020944,1.3051422605063951
2022-04-15,1.0811979673478214,1.3066771200836274
2022-04-18,1.0785159620362381,1.3019138133055592
2022-04-19,1.0788650339842487,1.3008976193573565
2022-04-20,1.0856584518510477,1.3054830287206267
2022-04-21,1.0838933448948624,1.3041210224308815
2022-04-22,1.0789814415192058,1.2848515996402416
2022-04-25,1.0703200256876806,1.2698412698412698
2022-04-26,1.0660980810234542,1.2616704516780217
2022-04-27,1.0548523206751055,1.2547051442910915
2022-04-28,1.0499790004199916,1.2442453651860148
2022-04-29,1.053740779768177,1.2564392511622062
2022-05-02,1.0520778537611783,1.2523481527864746
2022-05-03,1.05318588730911,1.2509382036527397
2022-05-04,1.0538518284329224,1.2487512487512489
2022-05-05,1.0507512871703268,1.23334977799704
2022-05-06,1.057194206575748,1.2344155042587335
2022-05-09,1.0558547143912997,1.2335019119279635
2022-05-10,1.0530749789385003,1.2313754463735993
2022-05-11,1.053740779768177,1.231678778174652
2022-05-12,1.0375596596804317,1.2198097096852891
2022-05-13,1.0410160316468873,1.2241400416207615
2022-05-16,1.0419922892570594,1.2269938650306749
2022-05-17,1.05318588730911,1.2467273407305821
2022-05-18,1.04942806170637,1.2396181975951408
2022-05-19,1.0586491636671607,1.2504689258471928
2022-05-20,1.0558547143912997,1.2492192379762648
2022-05-23,1.0667804565820354,1.257071024512885
2022-05-24,1.0743446497636442,1.2543903662819869
2022-05-25,1.0657572205051689,1.2539184952978057
2022-05-26,1.0725010725010724,1.2581781580271767
2022-05-27,1.0708931248661384,1.2613521695257317
2022-05-31,1.0730765103551885,1.2624668602449185
2022-06-01,1.0646225912913871,1.2471938139186831
2022-06-02,1.0733068584308254,1.2556504269211453
2022-06-03,1.0721561059290232,1.2495314257153567
2022-06-06,1.0698619878035733,1.2543903662819869
2022-06-07,1.069747539580659,1.2594458438287153
2022-06-08,1.073998496402105,1.2556504269211453
2022-06-09,1.0656436487638534,1.2510947078693857
2022-06-10,1.0520778537611783,1.2330456226880393
2022-06-13,1.0436234606553956,1.2169891687963976
2022-06-14,1.0415581710238517,1.2010569300984866
2022-06-15,1.0388531061707875,1.2056908608632746
2022-06-16,1.0530749789385003,1.2341108231519191
2022-06-17,1.0473397570171763,1.2201073694485114
2022-06-21,1.0548523206751055,1.2277470841006752
2022-06-22,1.0583130489998942,1.2280486307257767
2022-06-23,1.050309841403214,1.2239902080783354
2022-06-24,1.0538518284329224,1.2272950417280315
2022-06-27,1.060108131029365,1.2304663467454164
2022-06-28,1.0534077741493733,1.2199585214102722
2022-06-29,1.0476689366160292,1.2150668286755772
2022-06-30,1.0469011725293131,1.216249087813184
2022-07-01,1.0409076714895389,1.2048192771084338
2022-07-05,1.0254306808859721,1.1931750387781888
2022-07-06,1.017293997965412,1.1907597046915932
2022-07-07,1.015950421619425,1.1993283761093787
2022-07-08,1.0178117048346056,1.203659123736158
2022-07-11,1.0087763542822556,1.1907597046915932
2022-07-12,1.006947940791461,1.1904761904761905
2022-07-13,1.0080645161290323,1.1918951132300357
2022-07-14,1.0028078620136383,1.1827321111768183
2022-07-15,1.0088781275221954,1.1856770215793218
2022-07-18,1.015950421619425,1.1988970147464333
2022-07-19,1.0237510237510237,1.202212070209185
2022-07-20,1.021659174499387,1.1988970147464333
2022-07-21,1.0196798205363515,1.1967448539971277
2022-07-22,1.0224948875255624,1.2019230769230769
2022-07-25,1.0211375472276116,1.2042389210019266
2022-07-26,1.0116337885685383,1.203659123736158
2022-07-27,1.0108157282927324,1.2026458208057726
2022-07-28,1.016260162601626,1.2125621438098704
2022-07-29,1.0201999591920017,1.2183235867446394
2022-08-01,1.0270103728047653,1.2277470841006752
2022-08-02,1.019367991845056,1.2217470983506413
2022-08-03,1.0146103896103895,1.213150551983501
2022-08-04,1.0220768601798855,1.2140342357654486
2022-08-05,1.0169836265636123,1.2061271257990593
2022-08-08,1.0207206287639072,1.2097749818533752
2022-08-09,1.0225994477962983,1.2088974854932302
2022-08-10,1.0336985734959685,1.2244398187829069
2022-08-11,1.0338054378166028,1.2229423994129878
2022-08-12,1.0257462303826033,1.213150551983501
2022-08-15,1.0186411327289395,1.2090436464756378
2022-08-16,1.0173974972021569,1.2090436464756378
2022-08-17,1.0163634515702815,1.2029351617947792
2022-08-18,1.0114291493880854,1.1970313622216902
2022-08-19,1.0039152695512499,1.1810558639423645
2022-08-22,0.9936406995230525,1.175226231049477
2022-08-23,0.9976057462090983,1.184413123297406
2022-08-24,0.996710854181202,1.1802195208308746
2022-08-25,0.9959167413604223,1.1803588290840417
2022-08-26,0.9998000399920016,1.1778563015312131
2022-08-29,1.0,1.1717834544176235
2022-08-30,1.0018032458425166,1.165093790050099
2022-08-31,1.0065425264217414,1.1646866992778941
2022-09-01,0.9950248756218907,1.154068090017311
2022-09-02,1.0030090270812437,1.1582117211026177
2022-09-06,0.991375037176564,1.1548677676406052
2022-09-07,0.9942334460131238,1.1473152822395594
2022-09-08,0.9956192751891677,1.1488970588235294
2022-09-09,1.004621257785815,1.1599582415033058
2022-09-12,1.0128633647320977,1.1701380762930025
2022-09-13,0.9997000899730081,1.152604887044721
2022-09-14,0.99930048965724,1.1563367252543941
2022-09-15,0.9991008092716556,1.1471836641046231
2022-09-16,1.0013016921998599,1.1419435879867534
2022-09-19,1.000300090027008,1.1402508551881414
2022-09-20,0.9994003597841296,1.1405109489051095
2022-09-21,0.9880446596186148,1.1330160888284613
2022-09-22,0.98405825624877,1.1268875366238449
2022-09-23,0.9719117504130625,1.0920607185759528
2022-09-26,0.9622786759045421,1.0703200256876806
2022-09-27,0.9616309260505818,1.075268817204301
2022-09-28,0.9680542110358181,1.0831889081455806
2022-09-29,0.977421561919656,1.1048502927853276
2022-09-30,0.9782821365681863,1.1134617525887986
2022-10-03,0.9808729769494849,1.127141568981064
2022-10-04,0.9977052778609199,1.1445576284765937
2022-10-05,0.9865824782951854,1.1275228323373547
2022-10-06,0.9805844283192783,1.11333778668448
2022-10-07,0.9784735812133072,1.1116051578479325
2022-10-11,0.9757049468240805,1.1168192986374805
2022-10-12,0.9691800736576855,1.1096316023080337
2022-10-13,0.9779951100244499,1.1344299489506524
2022-10-14,0.9738994935722634,1.1208249271463797
2022-10-17,0.984251968503937,1.142726545537653
2022-10-18,0.9841551028442083,1.1307100859339665
2022-10-19,0.9779951100244499,1.1232168931820734
2022-10-20,0.9823182711198428,1.1287955751213454
2022-10-21,0.9855129594954174,1.1291779584462511
2022-10-24,0.9873617693522908,1.1295606009262398
2022-10-25,0.9959167413604223,1.1469205184080744
2022-10-26,1.0068465565847766,1.1614401858304297
2022-10-27,0.9985022466300548,1.1574074074074074
2022-10-28,0.9934432743890325,1.157273463719477
2022-10-31,0.9885330170027679,1.1515430677107323
2022-11-01,0.9870693909781859,1.1460004584001833
2022-11-02,0.9874592673052237,1.1466574934067195
2022-11-03,0.9758953840148337,1.1183180496533214
2022-11-04,0.9895111814763508,1.1279043537108053
2022-11-07,0.9997000899730081,1.1462631820265934
2022-11-08,1.0088781275221954,1.1595547309833023
2022-11-09,1.003713740841112,1.1396011396011396
2022-11-10,1.0176045588684237,1.1676786548341895
2022-11-14,1.0336985734959685,1.172745396974317
2022-11-15,1.0372368011617052,1.1890606420927468
2022-11-16,1.0395010395010396,1.1889192723814053
2022-11-17,1.0341261633919339,1.1811953697141506
2022-11-18,1.034875297526648,1.1901928112354203
2022-11-21,1.0237510237510237,1.1785503830288744
2022-11-22,1.027643613194944,1.1879306248515087
2022-11-23,1.0363768266141569,1.2039489525644114
2022-11-25,1.0401497815685459,1.2102142079148008
2022-11-28,1.038637307852098,1.2040939193257074
2022-11-29,1.035625517812759,1.199616122840691
2022-11-30,1.0323113451016828,1.1961722488038278
2022-12-01,1.0497585555322275,1.2251899044351875
2022-12-02,1.0520778537611783,1.2292562999385372
2022-12-05,1.04942806170637,1.2168410805548795
2022-12-06,1.049648367796788,1.2202562538133008
2022-12-07,1.0505305179115454,1.2193634922570418
2022-12-08,1.0551862403714256,1.223540927444023
2022-12-09,1.0549636037556704,1.2310722639418934
2022-12-12,1.0545186122535062,1.2285012285012287
2022-12-13,1.0630381630700543,1.2374706100730106
2022-12-14,1.0655301012253595,1.2408487405385284
2022-12-15,1.0638297872340425,1.2205541315757353
2022-12-16,1.0610079575596818,1.2168410805548795
2022-12-19,1.0623605651758206,1.218026796589525
2022-12-20,1.0634903754121026,1.2146240738491436
2022-12-21,1.0598834128245893,1.2071463061323031
2022-12-22,1.0587612493382743,1.2032246420406691
2022-12-23,1.0621348911311737,1.2054001928640308
2022-12-27,1.0654165778819518,1.2032246420406691
2022-12-28,1.0622477161674102,1.203369434416366
2022-12-29,1.0667804565820354,1.20598166907863
2022-12-30,1.069747539580659,1.2077294685990339
2023-01-03,1.0558547143912997,1.1970313622216902
2023-01-04,1.0620220900594732,1.2062726176115803
2023-01-05,1.0521885521885521,1.1901928112354203
2023-01-06,1.0619093129446746,1.2064181445288937
2023-01-09,1.0758472296933836,1.2205541315757353
2023-01-10,1.0736525660296328,1.2155099064057373
2023-01-11,1.073998496402105,1.2125621438098704
2023-01-12,1.0822510822510822,1.2181751735899622
2023-01-13,1.081081081081081,1.2193634922570418
2023-01-17,1.0793308148947653,1.226391954868776
2023-01-18,1.0827197921178,1.2368583797155226
2023-01-19,1.0809642200843153,1.2365524916532706
2023-01-20,1.0830715910321673,1.2374706100730106
2023-01-23,1.086484137331595,1.2370113805047007
2023-01-24,1.0873110796999021,1.2322858903265557
2023-01-25,1.0901558922925978,1.2374706100730106
2023-01-26,1.0866021949364337,1.2370113805047007
2023-01-27,1.0856584518510477,1.2379301807378065
2023-01-30,1.0867202782003913,1.2373174956693886
2023-01-31,1.0857763300760044,1.2324377618930245
2023-02-01,1.0917030567685588,1.2307692307692308
2023-02-02,1.0918222513374822,1.225940909648155
2023-02-03,1.082485386447283,1.2072920439454304
2023-02-06,1.0721561059290232,1.200912693647172
2023-02-07,1.0705491917353602,1.2013455069678038
2023-02-08,1.07342206955775,1.2093360744951023
2023-02-09,1.0760787689658884,1.2156576707999027
2023-02-10,1.0670081092616304,1.2061271257990593
2023-02-13,1.0718113612004287,1.2135922330097089
2023-02-14,1.0721561059290232,1.2156576707999027
2023-02-15,1.0682619378271552,1.2030798845043311
2023-02-16,1.0683760683760684,1.2017786323759165
2023-02-17,1.0678056593699947,1.2012012012012012
2023-02-21,1.0656436487638534,1.2110936175366356
2023-02-22,1.0622477161674102,1.2064181445288937
2023-02-23,1.0583130489998942,1.201634222542658
2023-02-24,1.0545186122535062,1.1947431302270013
2023-02-27,1.0595465140919686,1.203659123736158
2023-02-28,1.0602205258693809,1.2093360744951023
2023-03-01,1.0673497705197994,1.203369434416366
2023-03-02,1.0595465140919686,1.1941724385001193
2023-03-03,1.0615711252653928,1.199616122840691
2023-03-06,1.0694043417816277,1.2048192771084338
2023-03-07,1.0573059843518715,1.1856770215793218
2023-03-08,1.0548523206751055,1.1837121212121213
2023-03-09,1.0577533319229955,1.1921793037672865
2023-03-10,1.0658708164570454,1.2042389210019266
2023-03-13,1.0733068584308254,1.215953307392996
2023-03-14,1.0721561059290232,1.2146240738491436
2023-03-15,1.0535187526337968,1.2032246420406691
2023-03-16,1.0622477161674102,1.2110936175366356
2023-03-17,1.0647359454855196,1.2140342357654486
2023-03-20,1.0721561059290232,1.2256403971074887
2023-03-21,1.0768899418479432,1.2195121951219512
2023-03-22,1.0792143319663285,1.2232415902140672
2023-03-23,1.0889687465969726,1.232134056185313
2023-03-24,1.076194575979337,1.2224938875305624
2023-03-27,1.0788650339842487,1.2277470841006752
2023-03-28,1.0843634786380394,1.2341108231519191
2023-03-29,1.0826025765941323,1.2313754463735993
2023-03-30,1.0899182561307903,1.2368583797155226
2023-03-31,1.087192868014786,1.2368583797155226
2023-04-03,1.0890873448050533,1.240233163834801
2023-04-04,1.0950503723171265,1.249843769528809
2023-04-05,1.0918222513374822,1.2468827930174562
2023-04-06,1.0926573426573427,1.2456402590931739
2023-04-07,1.0913456291607553,1.2422360248447204
2023-04-10,1.0840108401084012,1.2357884330202669
2023-04-11,1.0906314756243864,1.2408487405385284
2023-04-12,1.098659635245001,1.2470382840753211
2023-04-13,1.105460977227504,1.2531328320802004
2023-04-14,1.0980564401010213,1.2417732522041476
2023-04-17,1.0914647456887143,1.235941169200346
2023-04-18,1.0957703265395573,1.241927471435668
2023-04-19,1.095290251916758,1.2442453651860148
2023-04-20,1.0969723562966214,1.2448649321548613
2023-04-21,1.097333479644464,1.241927471435668
2023-04-24,1.1026574043444701,1.2456402590931739
2023-04-25,1.0968520346605244,1.239771881973717
2023-04-26,1.1052166224580018,1.248595330253465
2023-04-27,1.1016855789357718,1.2470382840753211
2023-04-28,1.103996467211305,1.2581781580271767
2023-05-01,1.0969723562966214,1.2495314257153567
2023-05-02,1.0997470581766193,1.2475049900199602
2023-05-03,1.1048502927853276,1.2547051442910915
2023-05-04,1.100957833314984,1.258019876714052
2023-05-05,1.1026574043444701,1.2650221378874131
2023-05-08,1.102049812651532,1.2632642748863063
2023-05-09,1.095290251916758,1.2618296529968454
2023-05-10,1.096611470555982,1.2613521695257317
2023-05-11,1.0915838882218099,1.2501562695336916
2023-05-12,1.0856584518510477,1.246416552411816
2023-05-15,1.087429317094389,1.2526619065514217
2023-05-16,1.0866021949364337,1.249375312343828
2023-05-17,1.0829542993285683,1.2475049900199602
2023-05-18,1.0775862068965516,1.2423903590508139
2023-05-19,1.0818998160770312,1.246416552411816
2023-05-22,1.080613788631943,1.242544731610338
2023-05-23,1.077121930202499,1.2422360248447204
2023-05-24,1.0758472296933836,1.2368583797155226
2023-05-25,1.0725010725010724,1.2324377618930245
2023-05-26,1.0713520462824084,1.2342631449024932
2023-05-30,1.0721561059290232,1.240233163834801
2023-05-31,1.0654165778819518,1.2396181975951408
2023-06-01,1.0751532093323297,1.253604111821487
2023-06-02,1.0723860589812333,1.2467273407305821
2023-06-05,1.0721561059290232,1.243935812912054
2023-06-06,1.06951871657754,1.2417732522041476
2023-06-07,1.0702054794520548,1.2451749470800646
2023-06-08,1.0780508840017249,1.2547051442910915
2023-06-09,1.074922068150059,1.2578616352201257
2023-06-12,1.07469102632993,1.2489072061945798
2023-06-13,1.0792143319663285,1.2610340479192939
2023-06-14,1.085894233901618,1.2696800406297613
2023-06-15,1.0932546190007653,1.2761613067891782
2023-06-16,1.092537965694308,1.2815583749839805
2023-06-20,1.090037061260083,1.2732365673542145
2023-06-21,1.0950503723171265,1.2737230925996688
2023-06-22,1.095290251916758,1.2750223128904756
2023-06-23,1.0887316276537833,1.2701638511367968
2023-06-26,1.0909884355225834,1.272426517368622
2023-06-27,1.0961306587745259,1.2751849018107626
2023-06-28,1.0903936321011884,1.2637432073802604
2023-06-29,1.088139281828074,1.2616704516780217
2023-06-30,1.0919414719371043,1.2709710218607015
2023-07-03,1.0919414719371043,1.2695188523549576
2023-07-05,1.0868383871318334,1.2709710218607015
2023-07-06,1.0873110796999021,1.272102785905101
2023-07-07,1.096371011950444,1.2838618564642443
2023-07-10,1.0991426687183996,1.2836970474967908
2023-07-11,1.0991426687183996,1.2901561088891755
2023-07-12,1.1123470522803114,1.2993762993762994
2023-07-13,1.119444755401321,1.309757694826457
2023-07-14,1.123721766490617,1.3113034356150015
2023-07-17,1.1235955056179776,1.3078733978550878
2023-07-18,1.122334455667789,1.3054830287206267
2023-07-19,1.119444755401321,1.2898232942086933
2023-07-20,1.1134617525887986,1.2848515996402416
2023-07-21,1.1119759813188035,1.2853470437017995
2023-07-24,1.108278842956888,1.2828736369467608
2023-07-25,1.1049723756906078,1.2876641771825907
2023-07-26,1.1077877478675087,1.2929919834497026
2023-07-27,1.0997470581766193,1.287001287001287
2023-07-28,1.1038745998454575,1.287001287001287
2023-07-31,1.102049812651532,1.2856775520699408
2023-08-01,1.0970927043335161,1.2750223128904756
2023-08-02,1.0938525486764383,1.271132579128003
2023-08-03,1.0946907498631637,1.2709710218607015
2023-08-04,1.1036309458117206,1.2774655084312723
2023-08-07,1.0999890001099988,1.2769761205465457
2023-08-08,1.0950503723171265,1.2729124236252547
2023-08-09,1.0974539069359086,1.2714558169103625
2023-08-10,1.1015642211940955,1.2725884448969202
2023-08-11,1.095650268434316,1.2693577050012694
2023-08-14,1.09217999126256,1.2690355329949239
2023-08-15,1.0927767457108513,1.2745347947998982
2023-08-16,1.0903936321011884,1.2748597654258031
2023-08-17,1.087429317094389,1.2753475322025252
2023-08-18,1.0875475802066341,1.2737230925996688
2023-08-21,1.088850174216028,1.2737230925996688
2023-08-22,1.0845986984815619,1.2732365673542145
2023-08-23,1.0862480990658268,1.2714558169103625
2023-08-24,1.0826025765941323,1.2634238787113077
2023-08-25,1.0787486515641855,1.257071024512885
2023-08-28,1.0809642200843153,1.2591286829513977
2023-08-29,1.0850694444444444,1.2613521695257317
2023-08-30,1.0926573426573427,1.2725884448969202
2023-08-31,1.0838933448948624,1.266624445851805
2023-09-01,1.0787486515641855,1.2594458438287153
2023-09-05,1.072731173567904,1.2583364791745313
2023-09-06,1.0713520462824084,1.249843769528809
2023-09-07,1.070434596446157,1.2484394506866416
2023-09-08,1.0708931248661384,1.2476606363069245
2023-09-11,1.0743446497636442,1.252975817566721
2023-09-12,1.0726161106939827,1.2476606363069245
2023-09-13,1.0736525660296328,1.2487512487512489
2023-09-14,1.065984436627225,1.2410027302060065
2023-09-15,1.0673497705197994,1.2391573729863692
2023-09-18,1.06951871657754,1.240233163834801
2023-09-19,1.0683760683760684,1.2393109431156277
2023-09-20,1.0714668381013608,1.2388503468780971
2023-09-21,1.0664391596459422,1.2298610257040954
2023-09-22,1.065984436627225,1.2256403971074887
2023-09-25,1.0590976488032195,1.2217470983506413
2023-09-26,1.0573059843518715,1.2168410805548795
2023-09-27,1.0509721492380453,1.2132977432661975
2023-09-28,1.0577533319229955,1.222344456667889
2023-09-29,1.058425063505504,1.2214486380847687
2023-10-02,1.0499790004199916,1.21300339640951
2023-10-03,1.0452597470471412,1.2068549360366885
2023-10-04,1.051745898190997,1.2156576707999027
2023-10-05,1.052742393936204,1.2171372930866602
2023-10-06,1.0595465140919686,1.2254901960784315
2023-10-10,1.0617965597791463,1.228803145736053
2023-10-11,1.0620220900594732,1.2304663467454164
2023-10-12,1.055297593921486,1.2214486380847687
2023-10-13,1.0501995379122033,1.2138868657441126
2023-10-16,1.054629824931449,1.2198097096852891
2023-10-17,1.0593220338983051,1.2205541315757353
2023-10-18,1.05318588730911,1.2150668286755772
2023-10-19,1.056970721911003,1.2144765606023804
2023-10-20,1.0592098294672174,1.215362177929023
2023-10-23,1.0646225912913871,1.223540927444023
2023-10-24,1.0595465140919686,1.2169891687963976
2023-10-25,1.0583130489998942,1.2140342357654486
2023-10-26,1.05318588730911,1.2112403100775193
2023-10-27,1.0592098294672174,1.2150668286755772
2023-10-30,1.0620220900594732,1.2156576707999027
2023-10-31,1.0567473317129874,1.213444970270598
2023-11-01,1.0538518284329224,1.2127091923356779
2023-11-02,1.0617965597791463,1.2174336498660823
2023-11-03,1.0733068584308254,1.2374706100730106
2023-11-06,1.07469102632993,1.2391573729863692
2023-11-07,1.0687186063909373,1.2295585884667404
2023-11-08,1.0714668381013608,1.2301636117603643
2023-11-09,1.071007818357074,1.2278978388998034
2023-11-13,1.0699764605178685,1.22684333210649
2023-11-14,1.0861301183881829,1.2482836100362003
2023-11-15,1.085304970696766,1.2431626056688214
2023-11-16,1.0850694444444444,1.2422360248447204
2023-11-17,1.0879025239338556,1.2430080795525171
2023-11-20,1.0944511327569224,1.2504689258471928
2023-11-21,1.0922992900054616,1.254075746175069
2023-11-22,1.0870746820306554,1.2467273407305821
2023-11-24,1.0933741526350318,1.2600806451612903
2023-11-27,1.0937329104232747,1.2613521695257317
2023-11-28,1.1007154650522841,1.2712941774726672
2023-11-29,1.0968520346605244,1.2690355329949239
2023-11-30,1.0907504363001745,1.2640626975097964
2023-12-01,1.0877841836179702,1.2682308180088777
2023-12-04,1.0823682216690118,1.2632642748863063
2023-12-05,1.0787486515641855,1.258970162407151
2023-12-06,1.0789814415192058,1.258970162407151
2023-12-07,1.079447322970639,1.2581781580271767
2023-12-08,1.0745755426606491,1.2539184952978057
2023-12-11,1.07469102632993,1.2550200803212852
2023-12-12,1.0789814415192058,1.254862592546116
2023-12-13,1.0793308148947653,1.2526619065514217
2023-12-14,1.0997470581766193,1.276650070215754
2023-12-15,1.0906314756243864,1.2709710218607015
2023-12-18,1.0919414719371043,1.2632642748863063
2023-12-19,1.097694840834248,1.2750223128904756
2023-12-20,1.095650268434316,1.2659830358273199
2023-12-21,1.0990218705352237,1.266784899923993
2023-12-22,1.1008366358432409,1.271940981938438
2023-12-26,1.1035091591260207,1.2709710218607015
2023-12-27,1.1113580795732385,1.2797542871768621
2023-12-28,1.107297087808659,1.2743723716069837
2023-12-29,1.1061946902654867,1.2743723716069837
2024-01-02,1.095650268434316,1.2632642748863063
2024-01-03,1.0908694229300753,1.2640626975097964
2024-01-04,1.095650268434316,1.2691965985531157
2024-01-05,1.095650268434316,1.274047649382087
2024-01-08,1.097574360662935,1.276650070215754
2024-01-09,1.0934937124111537,1.271940981938438
2024-01-10,1.0960105217010083,1.2730744748567793
2024-01-11,1.094331363536879,1.271132579128003
2024-01-12,1.095890410958904,1.2745347947998982
2024-01-16,1.0882576994232234,1.2656625743576762
2024-01-17,1.0857763300760044,1.266624445851805
2024-01-18,1.0862480990658268,1.268713524486171
2024-01-19,1.0887316276537833,1.2677484787018256
2024-01-22,1.0894432944765224,1.2727504136438845
2024-01-23,1.0829542993285683,1.2661433274246645
2024-01-24,1.0901558922925978,1.2753475322025252
2024-01-25,1.083658430862592,1.27000254000508
2024-01-26,1.0866021949364337,1.271940981938438
2024-01-29,1.0807305738679347,1.26806999746386
2024-01-30,1.0843634786380394,1.2682308180088777
2024-01-31,1.0855405992184108,1.2732365673542145
2024-02-01,1.086484137331595,1.2727504136438845
2024-02-02,1.0787486515641855,1.2626262626262625
2024-02-05,1.0736525660296328,1.2531328320802004
2024-02-06,1.0751532093323297,1.258970162407151
2024-02-07,1.0768899418479432,1.2629451881788332
2024-02-08,1.077354018530489,1.2619888944977284
2024-02-09,1.0781671159029649,1.2627857052658162
2024-02-12,1.077354018530489,1.2631047113805736
2024-02-13,1.0720411663807892,1.2605571662674901
2024-02-14,1.0735373054213635,1.256123602562492
2024-02-15,1.0760787689658884,1.258019876714052
2024-02-16,1.0768899418479432,1.258970162407151
2024-02-20,1.0814318157240186,1.2645422357106728
2024-02-21,1.081782778018174,1.2624668602449185
2024-02-22,1.0815487778498811,1.264862130027827
2024-02-23,1.0828370330265296,1.2677484787018256
2024-02-26,1.0855405992184108,1.26806999746386
2024-02-27,1.0856584518510477,1.2693577050012694
2024-02-28,1.0842459069717012,1.2669453946534905
2024-02-29,1.0807305738679347,1.2632642748863063
2024-03-01,1.0831889081455806,1.2651821862348178
2024-03-04,1.0862480990658268,1.2701638511367968
2024-03-05,1.0861301183881829,1.271132579128003
2024-03-06,1.0913456291607553,1.2756729174639623
2024-03-07,1.0940919037199124,1.2795905310300704
2024-03-08,1.0940919037199124,1.2851818532322323
2024-03-11,1.0927767457108513,1.2807377049180326
2024-03-12,1.0918222513374822,1.2786088735455823
2024-03-13,1.0944511327569224,1.2799180852425445
2024-03-14,1.088850174216028,1.2748597654258031
2024-03-15,1.088850174216028,1.27420998980632
2024-03-18,1.0886131069018072,1.273560876209883
2024-03-19,1.085894233901618,1.2712941774726672
2024-03-20,1.0856584518510477,1.2712941774726672
2024-03-21,1.0861301183881829,1.2669453946534905
2024-03-22,1.0816657652785289,1.260239445494644
2024-03-25,1.083658430862592,1.264862130027827
2024-03-26,1.0829542993285683,1.2629451881788332
2024-03-27,1.0821339681852613,1.2631047113805736
2024-03-28,1.0801468999783972,1.2634238787113077
2024-03-29,1.079097874177188,1.2637432073802604
2024-04-01,1.0733068584308254,1.2545477355413372
2024-04-02,1.0768899418479432,1.2575452716297786
2024-04-03,1.0827197921178,1.2634238787113077
2024-04-04,1.086484137331595,1.2669453946534905
2024-04-05,1.0841283607979184,1.2632642748863063
2024-04-08,1.085304970696766,1.2655024044545684
2024-04-09,1.0856584518510477,1.2675877804537963
2024-04-10,1.0736525660296328,1.2543903662819869
2024-04-11,1.0721561059290232,1.2534469791927803
2024-04-12,1.0647359454855196,1.2456402590931739
2024-04-15,1.06439595529537,1.2465719272001994
2024-04-16,1.0628122010840686,1.2436264146250466
2024-04-17,1.06439595529537,1.2442453651860148
2024-04-18,1.065984436627225,1.2465719272001994
2024-04-19,1.0655301012253595,1.239771881973717
2024-04-22,1.0655301012253595,1.2341108231519191
2024-04-23,1.06951871657754,1.2434717731907485
2024-04-24,1.0687186063909373,1.2434717731907485
2024-04-25,1.0721561059290232,1.249375312343828
2024-04-26,1.068604402650139,1.2473493825620556
2024-04-29,1.0716964955524595,1.2553351744915893
2024-04-30,1.0683760683760684,1.2514078338130397
2024-05-01,1.0680337498664958,1.2487512487512489
2024-05-02,1.0705491917353602,1.2506253126563283
2024-05-03,1.0770059235325795,1.2550200803212852
2024-05-06,1.0779346771585643,1.2575452716297786
2024-05-07,1.0766580534022394,1.2534469791927803
2024-05-08,1.0755001075500108,1.2503125781445361
2024-05-09,1.077121930202499,1.2504689258471928
2024-05-10,1.077354018530489,1.2528188423953897
2024-05-13,1.0795638562020944,1.2562814070351758
2024-05-14,1.081782778018174,1.2588116817724069
2024-05-15,1.0860121633362294,1.2658227848101264
2024-05-16,1.0875475802066341,1.2682308180088777
2024-05-17,1.0869565217391304,1.2703252032520325
2024-05-20,1.0861301183881829,1.2708095056551023
2024-05-21,1.0855405992184108,1.2709710218607015
2024-05-22,1.083658430862592,1.2738853503184713
2024-05-23,1.0827197921178,1.2717792191275594
2024-05-24,1.0851871947911014,1.2745347947998982
2024-05-28,1.0879025239338556,1.2786088735455823
2024-05-29,1.081081081081081,1.2714558169103625
2024-05-30,1.083658430862592,1.2738853503184713
2024-05-31,1.0845986984815619,1.2737230925996688
2024-06-03,1.0889687465969726,1.2794268167860798
2024-06-04,1.0877841836179702,1.2784454103809768
2024-06-05,1.086484137331595,1.277139208173691
2024-06-06,1.0882576994232234,1.2786088735455823
2024-06-07,1.0807305738679347,1.2727504136438845
2024-06-10,1.0751532093323297,1.2732365673542145
2024-06-11,1.0733068584308254,1.272426517368622
2024-06-12,1.0842459069717012,1.2843565373747754
2024-06-13,1.0756157900397978,1.2763241863433312
2024-06-14,1.0698619878035733,1.2685525815045033
2024-06-17,1.0722710701265281,1.268874508311128
2024-06-18,1.0738831615120275,1.2698412698412698
2024-06-20,1.0707784559374667,1.2671059300557526
2024-06-21,1.0694043417816277,1.2645422357106728
2024-06-24,1.072731173567904,1.2683916793505834
2024-06-25,1.0705491917353602,1.2677484787018256
2024-06-26,1.0681478316599018,1.2624668602449185
2024-06-27,1.0707784559374667,1.2653422750854106
2024-06-28,1.0711225364181662,1.2640626975097964
2024-07-01,1.0728462611307799,1.2650221378874131
2024-07-02,1.0736525660296328,1.2679092177000129
2024-07-03,1.079913606911447,1.276650070215754
2024-07-05,1.0828370330265296,1.2807377049180326
2024-07-08,1.0835410120273052,1.2828736369467608
2024-07-09,1.0813148788927336,1.278772378516624
2024-07-10,1.0822510822510822,1.284191601386927
2024-07-11,1.0869565217391304,1.2919896640826873
2024-07-12,1.0901558922925978,1.2985326580963512
2024-07-15,1.0912265386294195,1.2985326580963512
2024-07-16,1.088494611951671,1.2958403524685758
2024-07-17,1.0932546190007653,1.3007284079084287
2024-07-18,1.0913456291607553,1.2973533990659054
2024-07-19,1.088850174216028,1.292156609381057
2024-07-22,1.088020890001088,1.2911555842479019
2024-07-23,1.0855405992184108,1.2916559028674761
2024-07-24,1.085304970696766,1.2924906294429364
2024-07-25,1.0861301183881829,1.2883277505797475
2024-07-26,1.085894233901618,1.2863390789812195
2024-07-29,1.0818998160770312,1.2853470437017995
2024-07-30,1.0808473843493298,1.2828736369467608
2024-07-31,1.0822510822510822,1.2840267077555212
2024-08-01,1.0788650339842487,1.277139208173691
2024-08-02,1.0913456291607553,1.2797542871768621
2024-08-05,1.095650268434316,1.2764871074802144
2024-08-06,1.0926573426573427,1.2695188523549576
2024-08-07,1.092537965694308,1.2717792191275594
2024-08-08,1.0913456291607553,1.274047649382087
2024-08-09,1.092537965694308,1.276650070215754
2024-08-12,1.0927767457108513,1.2776287210936503
2024-08-13,1.0954102311315588,1.2828736369467608
2024-08-14,1.1024142872891634,1.2848515996402416
2024-08-15,1.098659635245001,1.2863390789812195
2024-08-16,1.0996261271167802,1.2906556530717603
2024-08-19,1.1070519207350824,1.2983640612827838
2024-08-20,1.1106175033318526,1.302761855132882
2024-08-21,1.1143302874972143,1.3077023669412842
2024-08-22,1.1113580795732385,1.30941469163284
2024-08-23,1.117568171658471,1.3197835554968984
2024-08-26,1.1164452383610584,1.3185654008438819
2024-08-27,1.1159468809284678,1.3234515616728426
2024-08-28,1.1127183709803048,1.3201320132013201
2024-08-29,1.1086474501108647,1.3185654008438819
2024-08-30,1.1059500110595002,1.3131976362442548
2024-09-03,1.1042402826855124,1.310272536687631
2024-09-04,1.1081560283687943,1.3142331449599158
2024-09-05,1.1096316023080337,1.3164823591363874
2024-09-06,1.1086474501108647,1.3135426244581636
2024-09-09,1.1042402826855124,1.3082155939298796
2024-09-10,1.1025358324145533,1.3065064018813692
2024-09-11,1.1012003083360864,1.302761855132882
2024-09-12,1.1041183614883516,1.3080444735120995
2024-09-13,1.108524553818867,1.314060446780552
2024-09-16,1.1123470522803114,1.3201320132013201
2024-09-17,1.1118523460084502,1.3164823591363874
2024-09-18,1.1116051578479325,1.3199577613516367
2024-09-19,1.1147029316687103,1.327844907714779
2024-09-20,1.1159468809284678,1.3304949441192122
2024-09-23,1.1129660545353368,1.335113484646195
2024-09-24,1.114951499609767,1.337613697164259
2024-09-25,1.1143302874972143,1.3338668800853675
2024-09-26,1.1184431271669835,1.3428226131328052
2024-09-27,1.1159468809284678,1.339405304045004
2024-09-30,1.1144544745347154,1.3399437223636608
2024-10-01,1.1066843736166445,1.3281976358082082
2024-10-02,1.1049723756906078,1.3271400132714002
2024-10-03,1.1014428901861437,1.3114754098360657
2024-10-04,1.0961306587745259,1.310615989515072
2024-10-07,1.097574360662935,1.3080444735120995
2024-10-08,1.0969723562966214,1.3092432573972244
2024-10-09,1.0950503723171265,1.3080444735120995
2024-10-10,1.092537965694308,1.3053126223730585
2024-10-11,1.09421162052741,1.3070186903672723
2024-10-15,1.0899182561307903,1.3082155939298796
2024-10-16,1.0873110796999021,1.3000520020800832
2024-10-17,1.083658430862592,1.3007284079084287
2024-10-18,1.08542277216976,1.302252897512697
2024-10-21,1.0820168794633196,1.2980269989615785
2024-10-22,1.0804970286331712,1.2968486577616392
2024-10-23,1.0779346771585643,1.2943308309603936
2024-10-24,1.080613788631943,1.2963443090484834
2024-10-25,1.0813148788927336,1.2978585334198574
2024-10-28,1.0818998160770312,1.2980269989615785
2024-10-29,1.0797969981643452,1.3005592404734034
2024-10-30,1.0863661053775122,1.3012361743656475
2024-10-31,1.0855405992184108,1.2856775520699408
2024-11-01,1.0848340203948796,1.2958403524685758
2024-11-04,1.08837614279495,1.2941633234114145
2024-11-05,1.0919414719371043,1.3015749056358195
2024-11-06,1.073191672032625,1.2896569512509672
2024-11-07,1.0792143319663285,1.2985326580963512
2024-11-08,1.071007818357074,1.2904890953671442
2024-11-12,1.05977108944468,1.2732365673542145
2024-11-13,1.0567473317129874,1.2709710218607015
2024-11-14,1.0561892691170258,1.2706480304955527
2024-11-15,1.0551862403714256,1.2629451881788332
2024-11-18,1.0586491636671607,1.2664640324214793
2024-11-19,1.0577533319229955,1.266624445851805
2024-11-20,1.0520778537611783,1.2639029322548028
2024-11-21,1.0474494605635278,1.2586532410320956
2024-11-22,1.0399334442595674,1.2515644555694618
2024-11-25,1.0477787091366304,1.2553351744915893
2024-11-26,1.0481081647626036,1.2547051442910915
2024-11-27,1.0575296108291032,1.2677484787018256
2024-11-29,1.0547410610695074,1.2698412698412698
2024-12-02,1.0484378276368211,1.2639029322548028
2024-12-03,1.051745898190997,1.2677484787018256
2024-12-04,1.052742393936204,1.271132579128003
2024-12-05,1.0570824524312896,1.2753475322025252
2024-12-06,1.0563008344776592,1.2743723716069837
2024-12-09,1.056970721911003,1.278281989006775
2024-12-10,1.0511931041732365,1.2758356723653992
2024-12-11,1.0507512871703268,1.2763241863433312
2024-12-12,1.0514141520344864,1.2714558169103625
2024-12-13,1.0497585555322275,1.2629451881788332
2024-12-16,1.0511931041732365,1.2690355329949239
2024-12-17,1.0506408909434755,1.2717792191275594
2024-12-18,1.0469011725293131,1.2696800406297613
2024-12-19,1.0357327809425168,1.252975817566721
2024-12-20,1.0429703796412182,1.2586532410320956
2024-12-23,1.0409076714895389,1.252975817566721
2024-12-24,1.0388531061707875,1.2528188423953897
2024-12-26,1.0423181154888472,1.252191334835963
2024-12-27,1.0423181154888472,1.2572290671360322
2024-12-30,1.038637307852098,1.2523481527864746
2024-12-31,1.0350895352447986,1.2520345561537498
2025-01-02,1.0260619741432382,1.2376237623762376
2025-01-03,1.029230135858378,1.241927471435668
2025-01-06,1.039717196922437,1.252975817566721
2025-01-07,1.0369141435089175,1.249843769528809
2025-01-08,1.0313531353135312,1.2365524916532706
2025-01-09,1.0297600659046442,1.2303149606299213
2025-01-10,1.0237510237510237,1.2214486380847687
2025-01-13,1.0209290454313424,1.21580547112462
2025-01-14,1.029230135858378,1.218769043266301
2025-01-15,1.0281719103434095,1.2214486380847687
2025-01-16,1.030290541932825,1.224589762429586
2025-01-17,1.0287007509515482,1.218026796589525
2025-01-21,1.0423181154888472,1.2330456226880393
2025-01-22,1.0419922892570594,1.2324377618930245
2025-01-23,1.0419922892570594,1.2347203358439314
2025-01-24,1.0515247108307046,1.2495314257153567
2025-01-27,1.0492078480747036,1.2479720454261825
2025-01-28,1.0427528675703859,1.2433171702101207
2025-01-29,1.0415581710238517,1.2434717731907485
2025-01-30,1.0419922892570594,1.2453300124533
2025-01-31,1.0400416016640666,1.2447099825740602
2025-02-03,1.027749229188078,1.2388503468780971
2025-02-04,1.0378827192527245,1.2487512487512489
2025-02-05,1.0418837257762035,1.2515644555694618
2025-02-06,1.0368066355624677,1.2434717731907485
2025-02-07,1.0329511414110113,1.2396181975951408
2025-02-10,1.0312467773538208,1.238543472875898
2025-02-11,1.0345541071798054,1.2422360248447204
2025-02-12,1.039176971838304,1.2444001991040319
2025-02-13,1.0427528675703859,1.2528188423953897
2025-02-14,1.0497585555322275,1.2608750472828143
2025-02-18,1.045696957021855,1.2613521695257317
2025-02-19,1.040582726326743,1.257071024512885
2025-02-20,1.0474494605635278,1.2642225031605563
2025-02-21,1.0454783063251438,1.2647021626406982
2025-02-24,1.0477787091366304,1.2640626975097964
2025-02-25,1.0497585555322275,1.2651821862348178
2025-02-26,1.0514141520344864,1.2696800406297613
2025-02-27,1.0414496979795875,1.2627857052658162
2025-02-28,1.0401497815685459,1.2591286829513977
2025-03-03,1.049648367796788,1.271132579128003
2025-03-04,1.0534077741493733,1.2725884448969202
2025-03-05,1.0767739851405191,1.2863390789812195
2025-03-06,1.081782778018174,1.289324394017535
2025-03-07,1.085894233901618,1.291822761917065
2025-03-10,1.083658430862592,1.290822253775655
2025-03-11,1.0926573426573427,1.2948336138806165
2025-03-12,1.092537965694308,1.297016861219196
2025-03-13,1.085894233901618,1.2944983818770228
2025-03-14,1.087192868014786,1.2916559028674761
2025-03-17,1.09217999126256,1.2988699831146902
2025-03-18,1.0926573426573427,1.2987012987012987
2025-03-19,1.0876658690450294,1.2968486577616392
2025-03-20,1.0848340203948796,1.2973533990659054
2025-03-21,1.080613788631943,1.2896569512509672
2025-03-24,1.079447322970639,1.2913223140495869
2025-03-25,1.08038029386344,1.2948336138806165
2025-03-26,1.0780508840017249,1.2888258796236627
2025-03-27,1.0800302408467437,1.2963443090484834
2025-03-28,1.0826025765941323,1.2941633234114145
2025-03-31,1.0795638562020944,1.2896569512509672
2025-04-01,1.0800302408467437,1.2923235978288963
2025-04-02,1.0868383871318334,1.2973533990659054
2025-04-03,1.1052166224580018,1.3113034356150015
2025-04-04,1.1014428901861437,1.2926577042399174
2025-04-07,1.0912265386294195,1.2729124236252547
2025-04-08,1.0912265386294195,1.2769761205465457
2025-04-09,1.103996467211305,1.277139208173691
2025-04-10,1.119194180190263,1.2939958592132506
2025-04-11,1.1325028312570782,1.3051422605063951
2025-04-14,1.1358473421172195,1.3175230566534915
2025-04-15,1.1290504685559444,1.322226629644321
2025-04-16,1.1381743683132255,1.3246787653993906
2025-04-17,1.1363636363636365,1.3259082471492973
2025-04-18,1.1389521640091116,1.327844907714779
2025-04-21,1.1507479861910241,1.3385089010841922
2025-04-22,1.1466574934067195,1.337613697164259
2025-04-23,1.1349449551696742,1.325556733828208
2025-04-24,1.1363636363636365,1.3308490817141336
2025-04-25,1.1380448389666553,1.3331555792560992
2025-04-28,1.1386927806877705,1.3395847287340923
2025-04-29,1.1396011396011396,1.339764201500536
2025-04-30,1.1349449551696742,1.3344008540165466
2025-05-01,1.1279043537108053,1.3273161667109106
2025-05-02,1.1330160888284613,1.3283740701381508
2025-05-05,1.1314777098891151,1.3283740701381508
2025-05-06,1.1345586566825505,1.3368983957219251
2025-05-07,1.1348161597821154,1.3344008540165466
2025-05-08,1.124859392575928,1.3287270794578794
2025-05-09,1.1270145384875465,1.3317352510320948
2025-05-12,1.1106175033318526,1.3194352816994326
2025-05-13,1.117568171658471,1.3280212483399734
2025-05-14,1.1205737337516808,1.3303179459890913
2025-05-15,1.1189437171310281,1.3292569453675396
2025-05-16,1.1140819964349378,1.3257324671881214
2025-05-19,1.1235955056179776,1.3356484573260317
2025-05-20,1.1253657438667568,1.3370771493515177
2025-05-21,1.134301270417423,1.3446282102998521
2025-05-22,1.128158844765343,1.342642320085929
2025-05-23,1.1349449551696742,1.3511687609782461
2025-05-27,1.1326311020500623,1.3504388926401079
2025-05-28,1.1285407967498025,1.3462574044157243
2025-05-29,1.137009664582149,1.3489815189531904
2025-05-30,1.1346873936230568,1.3468013468013467
2025-06-02,1.1432491139819365,1.3548299688389107
2025-06-03,1.1372682815876265,1.352082206598161
2025-06-04,1.142334932602239,1.3570362328674175
2025-06-05,1.1440338634023568,1.358326541700625
2025-06-06,1.1397310234784592,1.3531799729364005
2025-06-09,1.1424654404204273,1.3563000135630001
2025-06-10,1.142334932602239,1.3508037282182899
2025-06-11,1.149029070435482,1.35556459265284
2025-06-12,1.157809424568716,1.3588802826470987
2025-06-13,1.1556685542586387,1.3594344752582925
2025-06-16,1.1580775911986103,1.3599891200870393
2025-06-17,1.1535355865728458,1.3515339910798756
2025-06-18,1.1520737327188941,1.347164219318335
2025-06-20,1.1519410206197442,1.3464386697185942
2025-06-23,1.1538017768547364,1.3491635186184565
2025-06-24,1.1607661056297156,1.3616557734204793
2025-06-25,1.1619800139437602,1.362583458236817
2025-06-26,1.1716461628588166,1.3753266400770183
2025-06-27,1.1723329425556859,1.3719303059404582
2025-06-30,1.177024482109228,1.37211855104281
2025-07-01,1.1775788977861517,1.372872048325096
2025-07-02,1.1789672247111531,1.3622122326658495
2025-07-03,1.1757789535567313,1.365560562610952
2025-07-07,1.1732957878681216,1.363884342607747
2025-07-08,1.1706860220088973,1.3575889220743957
2025-07-09,1.1706860220088973,1.3585110718652358
2025-07-10,1.168770453482936,1.3568521031207599
2025-07-11,1.1695906432748537,1.3502565487442613
2025-07-14,1.1671335200746966,1.3437248051599033
2025-07-15,1.1618450098756825,1.3395847287340923
2025-07-16,1.1629259216187928,1.342642320085929
2025-07-17,1.1596892032935173,1.341381623071764
2025-07-18,1.164551065564225,1.34390538906061
2025-07-21,1.1705489874751258,1.3497098123903362
2025-07-22,1.1749500646222537,1.352265043948614
2025-07-23,1.174812030075188,1.35666802333469
2025-07-24,1.1764705882352942,1.352447930754666
2025-07-25,1.1730205278592374,1.3428226131328052
2025-07-28,1.1609008590666356,1.3392259274139546
2025-07-29,1.1534025374855825,1.3338668800853675
2025-07-30,1.1470520761642578,1.3273161667109106
2025-07-31,1.1431184270690444,1.3220518244315178
2025-08-01,1.1555350127108852,1.3259082471492973
2025-08-04,1.156737998843262,1.3290802764486975
2025-08-05,1.1579434923575729,1.3308490817141336
2025-08-06,1.1646866992778941,1.336005344021376
2025-08-07,1.1641443538998837,1.3433637829124128
2025-08-08,1.166044776119403,1.3444474321054047
2025-08-11,1.1607661056297156,1.341381623071764
2025-08-12,1.1672697560406209,1.3509862199405567
2025-08-13,1.1715089034676662,1.3572204125950054
2025-08-14,1.1644154634373545,1.3531799729364005
2025-08-15,1.1708230886313078,1.3564839934888768
2025-08-18,1.1667250029168126,1.352082206598161
2025-08-19,1.166044776119403,1.349527665317139
2025-08-20,1.1649580615097856,1.3449899125756557
2025-08-21,1.160496692584426,1.341741580571582
2025-08-22,1.1712344811431248,1.352813852813853
2025-08-25,1.1669973159061735,1.3491635186184565
2025-08-26,1.1656370206317752,1.348435814455232
2025-08-27,1.1610356437942646,1.3468013468013467
2025-08-28,1.1671335200746966,1.3515339910798756
2025-08-29,1.169453865045024,1.3511687609782461
2025-09-02,1.1653653420347279,1.3392259274139546
2025-09-03,1.1675423234092235,1.3448090371167294
2025-09-04,1.1648223645894,1.3440860215053763
2025-09-05,1.1759172154280337,1.354279523293608
2025-09-08,1.1750881316098707,1.3550135501355014
2025-09-09,1.1723329425556859,1.3533631073216945
2025-09-10,1.1713716762328688,1.3548299688389107
2025-09-11,1.1731581417175034,1.3568521031207599
2025-09-12,1.1713716762328688,1.35464643727987
2025-09-15,1.1771630370806356,1.360914534567229
2025-09-16,1.1848341232227488,1.3653741125068268
2025-09-17,1.1845534233593935,1.366120218579235
2025-09-18,1.1779950524207798,1.355197181189863
2025-09-19,1.1753643629525152,1.348435814455232
2025-09-22,1.177301624676242,1.3504388926401079
2025-09-23,1.1799410029498525,1.3517166801838334
2025-09-24,1.1742602160638798,1.3449899125756557
2025-09-25,1.1672697560406209,1.335113484646195
2025-09-26,1.16918040453642,1.3404825737265416
2025-09-29,1.1730205278592374,1.3433637829124128
2025-09-30,1.1734334663224595,1.3442667025137787
2025-10-01,1.1723329425556859,1.3473457289140394
2025-10-02,1.1695906432748537,1.342281879194631
2025-10-03,1.1746740279572419,1.3480722566729577
2025-10-06,1.1706860220088973,1.3475272874275703
2025-10-07,1.1674060238150827,1.3440860215053763
2025-10-08,1.160631383472609,1.339046598821639
2025-10-09,1.1559357299734134,1.3312034078807242
2025-10-10,1.1613053071652537,1.33422281521014
2025-10-14,1.1607661056297156,1.3320900492873318
2025-10-15,1.1637379262190155,1.3395847287340923
2025-10-16,1.166452816983553,1.3424620754463685
2025-10-17,1.1674060238150827,1.3424620754463685
2025-10-20,1.1656370206317752,1.3419216317767042
2025-10-21,1.1615750958299453,1.339046598821639
2025-10-22,1.1611704598235022,1.337255950788981
2025-10-23,1.1611704598235022,1.332267519317879
2025-10-24,1.162655505173817,1.3297872340425532
2025-10-27,1.1636025133814287,1.3331555792560992
2025-10-28,1.1659088259298123,1.3280212483399734
2025-10-29,1.166452816983553,1.3243279035889286
2025-10-30,1.1563367252543941,1.3147515119642386
2025-10-31,1.154068090017311,1.314060446780552
2025-11-03,1.1531365313653137,1.314924391847469
2025-11-04,1.1491611123879568,1.3044612575006522
2025-11-05,1.1485012059262663,1.3051422605063951
2025-11-06,1.1539349180706209,1.310615989515072
2025-11-07,1.157809424568716,1.3164823591363874
2025-11-10,1.1544677903486493,1.3156163662675964
2025-11-12,1.159151501101194,1.3130252100840336
2025-11-13,1.1649580615097856,1.321353065539112
2025-11-14,1.161710037174721,1.3156163662675964
2025-11-17,1.1598237067965669,1.3178703215603584
2025-11-18,1.1579434923575729,1.315270288044193
2025-11-19,1.1539349180706209,1.3077023669412842
2025-11-20,1.1534025374855825,1.3078733978550878
2025-11-21,1.1506155793349442,1.3099292638197537
2025-11-24,1.151808339092375,1.3095861707700367
2025-11-25,1.155268022181146,1.3173494928204452
2025-11-26,1.159151501101194,1.3227513227513228
2025-11-28,1.1599582415033058,1.3239772275916855
2025-12-01,1.1622501162250116,1.3229263130043656
2025-12-02,1.1595547309833023,1.3185654008438819
2025-12-03,1.166044776119403,1.3333333333333333
2025-12-04,1.1659088259298123,1.3354700854700854
2025-12-05,1.1634671320535195,1.3324450366422387
2025-12-08,1.162655505173817,1.3320900492873318
2025-12-09,1.1638733705772812,1.3319126265316994
2025-12-10,1.1649580615097856,1.3340448239060831
2025-12-11,1.175640724194686,1.3428226131328052
2025-12-12,1.1731581417175034,1.335113484646195
2025-12-15,1.175640724194686,1.337971635001338
2025-12-16,1.177024482109228,1.3428226131328052
2025-12-17,1.174812030075188,1.339046598821639
2025-12-18,1.172882946281961,1.3388673182487616
2025-12-19,1.1720581340834506,1.337971635001338
2025-12-22,1.1749500646222537,1.3457139012245998
2025-12-23,1.1775788977861517,1.348435814455232
2025-12-24,1.1779950524207798,1.3504388926401079
2025-12-26,1.1766090128250382,1.3491635186184565
2025-12-29,1.175640724194686,1.3497098123903362
2025-12-30,1.1764705882352942,1.3480722566729577
2025-12-31,1.1735711770918906,1.3446282102998521
2026-01-02,1.1738466956215519,1.3480722566729577
2026-01-05,1.1715089034676662,1.3526308670363858
2026-01-06,1.168907071887785,1.3497098123903362
2026-01-07,1.1690437222352115,1.3473457289140394
2026-01-08,1.1655011655011656,1.3430029546065
2026-01-09,1.1634671320535195,1.341381623071764
2026-01-12,1.1671335200746966,1.3466199838405601
2026-01-13,1.164551065564225,1.3435442697836895
2026-01-14,1.1655011655011656,1.3444474321054047
2026-01-15,1.160496692584426,1.3386880856760375
2026-01-16,1.1599582415033058,1.3383297644539616
2026-01-20,1.1738466956215519,1.347164219318335
2026-01-21,1.1705489874751258,1.3430029546065
2026-01-22,1.1738466956215519,1.3489815189531904
2026-01-23,1.1771630370806356,1.359064963305246
2026-01-26,1.188636633781053,1.36986301369863
2026-01-27,1.1980352222355337,1.3781697905181918
2026-01-28,1.1940298507462686,1.3787398317937407
2026-01-29,1.1943150603129105,1.3795006207752794
2026-01-30,1.188495364868077,1.372872048325096
2026-02-02,1.1806375442739079,1.3653741125068268
2026-02-03,1.181893393215932,1.3700506918755995
2026-02-04,1.1803588290840417,1.3659336156262807
2026-02-05,1.1802195208308746,1.3550135501355014
2026-02-06,1.1811953697141506,1.3605442176870748
2026-02-09,1.189767995240928,1.3666803334700013
2026-02-10,1.189767995240928,1.3663068725235687
2026-02-11,1.1883541295306002,1.3653741125068268
2026-02-12,1.1869436201780414,1.3631406761177753
2026-02-13,1.1869436201780414,1.364442625187611
2026-02-17,1.183151916706105,1.3539128080151637
2026-02-18,1.1810558639423645,1.353546291283162
2026-02-19,1.1761938367442955,1.3446282102998521
2026-02-20,1.17813383600377,1.3500742540839745
2026-02-23,1.1803588290840417,1.3509862199405567
2026-02-24,1.1789672247111531,1.3531799729364005
2026-02-25,1.1803588290840417,1.355197181189863
2026-02-26,1.179245283018868,1.3504388926401079
2026-02-27,1.1821728336682824,1.3455328310010766
2026-03-02,1.1690437222352115,1.3392259274139546
2026-03-03,1.1603620329542816,1.3329778725673154
2026-03-04,1.1637379262190155,1.3370771493515177
2026-03-05,1.1584800741427248,1.3319126265316994
2026-03-06,1.160631383472609,1.339764201500536
2026-03-09,1.159151501101194,1.3395847287340923
2026-03-10,1.1648223645894,1.3460761879122358
2026-03-11,1.1566042100393246,1.3399437223636608
2026-03-12,1.1522064754003918,1.3349352556401015
2026-03-13,1.1444266422522316,1.3239772275916855
2026-03-16,1.1487650775416427,1.3301409949454641
2026-03-17,1.1524720525527257,1.3345789403443213
2026-03-18,1.1512779184895232,1.332267519317879
2026-03-19,1.1515430677107323,1.3361838588989845
2026-03-20,1.154334526145677,1.3303179459890913
2026-03-23,1.1587485515643106,1.3385089010841922
2026-03-24,1.157809424568716,1.3383297644539616
2026-03-25,1.1570056693277797,1.337255950788981
2026-03-26,1.154201292705448,1.3352917612498332
2026-03-27,1.1519410206197442,1.3292569453675396
2026-03-30,1.1453441759248655,1.3190871916633689
2026-03-31,1.151808339092375,1.3183915622940015
2026-04-01,1.1614401858304297,1.3331555792560992
2026-04-02,1.1546010853250201,1.3241525423728815
2026-04-03,1.1523392486748099,1.3201320132013201
2026-04-06,1.1544677903486493,1.3234515616728426
2026-04-07,1.1571395510298543,1.3239772275916855
2026-04-08,1.1686338670094658,1.34390538906061
2026-04-09,1.1705489874751258,1.3442667025137787
2026-04-10,1.1723329425556859,1.3460761879122358
2026-04-13,1.17096018735363,1.3458950201884252
2026-04-14,1.1791062374719963,1.3563000135630001
2026-04-15,1.1799410029498525,1.3568521031207599
2026-04-16,1.1782726522917404,1.3539128080151637
2026-04-17,1.180080245456691,1.35556459265284
2026-04-20,1.1785503830288744,1.354279523293608
2026-04-21,1.175226231049477,1.3511687609782461
2026-04-22,1.1713716762328688,1.3504388926401079
2026-04-23,1.1704119850187265,1.349527665317139
2026-04-24,1.1717834544176235,1.3517166801838334
2026-04-27,1.1731581417175034,1.3553808620222283
2026-04-28,1.1715089034676662,1.3513513513513513
2026-04-29,1.169453865045024,1.3493455673998112
2026-04-30,1.172882946281961,1.3579576317218902
2026-05-01,1.1755025273304338,1.3620266957232363
2026-05-04,1.169864295741694,1.353546291283162
2026-05-05,1.1706860220088973,1.3575889220743957
2026-05-06,1.1753643629525152,1.3596193065941535
2026-05-07,1.1763321962122104,1.361285053090117
2026-05-08,1.177301624676242,1.362583458236817
2026-05-11,1.1779950524207798,1.36518771331058
2026-05-12,1.1732957878681216,1.352813852813853
2026-05-13,1.1710973181871414,1.352082206598161
2026-05-14,1.1678150181011329,1.3480722566729577
2026-05-15,1.162655505173817,1.3331555792560992
2026-05-18,1.1649580615097856,1.3419216317767042
2026-05-19,1.160227404571296,1.3401232913428036
2026-05-20,1.1619800139437602,1.3440860215053763
2026-05-21,1.158882836945185,1.340662287169862
2026-05-22,1.1603620329542816,1.34390538906061
2026-05-26,1.1619800139437602,1.3437248051599033
2026-05-27,1.1630611770179111,1.3431833445265278
2026-05-28,1.1649580615097856,1.3437248051599033
2026-05-29,1.16795141322121,1.3475272874275703
2026-06-01,1.1623852144600721,1.3451708366962605
2026-06-02,1.1641443538998837,1.3480722566729577
2026-06-03,1.160496692584426,1.3435442697836895
2026-06-04,1.1629259216187928,1.3440860215053763
2026-06-05,1.1532695190866105,1.336005344021376
2026-06-08,1.1544677903486493,1.3347570742124935
2026-06-09,1.1555350127108852,1.3388673182487616
2026-06-10,1.155001155001155,1.3392259274139546
2026-06-11,1.1515430677107323,1.3336889837289942
2026-06-12,1.157273463719477,1.341381623071764
